/*
Navicat MySQL Data Transfer

Source Server         : localhost
Source Server Version : 50505
Source Host           : localhost:3306
Source Database       : aiopms

Target Server Type    : MYSQL
Target Server Version : 50505
File Encoding         : 65001

Date: 2017-03-28 17:23:47
*/

SET FOREIGN_KEY_CHECKS=0;



/*
INSERT INTO `hosts` (`hostid`,`host`,`status`,`ipmi_authtype`,`ipmi_privilege`,`ipmi_username`,`ipmi_password`,`name`,`flags`,`templateid`,`description`,`tls_connect`,`tls_accept`,`tls_issuer`,`tls_subject`,`tls_psk_identity`,`tls_psk`,`proxy_address`,`auto_compress`,`discover`) 
  values ('10170','Template DB MySQL','3','-1','2','','','Template DB MySQL','0',NULL,'','1','1','','','','','','1','0');

INSERT INTO `items` (`itemid`,`type`,`snmp_oid`,`hostid`,`name`,`key_`,`delay`,`history`,`trends`,`status`,`value_type`,`trapper_hosts`,`units`,`formula`,`logtimefmt`,`templateid`,`valuemapid`,`params`,`ipmi_sensor`,`authtype`,`username`,`password`,`publickey`,`privatekey`,`flags`,`interfaceid`,`description`,`inventory_link`,`lifetime`,`evaltype`,`jmx_endpoint`,`master_itemid`,`timeout`,`url`,`query_fields`,`posts`,`status_codes`,`follow_redirects`,`post_type`,`headers`,`retrieve_mode`,`request_method`,`output_format`,`verify_peer`,`verify_host`,`allow_traps`,`discover`) values ('28909','0','','10170','Info: MySQL version','mysql.version["{$MYSQL.HOST}","{$MYSQL.PORT}"]','15m','7d','0','0','1','','','','',NULL,NULL,'','','0','','','','','0',NULL,'','0','30d','0','',NULL,'3s','','','','200','1','0','','0','0','0','0','0','0','0');
INSERT INTO `items` (`itemid`,`type`,`snmp_oid`,`hostid`,`name`,`key_`,`delay`,`history`,`trends`,`status`,`value_type`,`trapper_hosts`,`units`,`formula`,`logtimefmt`,`templateid`,`valuemapid`,`params`,`ipmi_sensor`,`authtype`,`username`,`password`,`publickey`,`privatekey`,`flags`,`interfaceid`,`description`,`inventory_link`,`lifetime`,`evaltype`,`jmx_endpoint`,`master_itemid`,`timeout`,`url`,`query_fields`,`posts`,`status_codes`,`follow_redirects`,`post_type`,`headers`,`retrieve_mode`,`request_method`,`output_format`,`verify_peer`,`verify_host`,`allow_traps`,`discover`) values ('28910','0','','10170','Availability: MySQL status','mysql.ping["{$MYSQL.HOST}","{$MYSQL.PORT}"]','1m','7d','365d','0','3','','','','',NULL,'1','','','0','','','','','0',NULL,'','0','30d','0','',NULL,'3s','','','','200','1','0','','0','0','0','0','0','0','0');
INSERT INTO `items` (`itemid`,`type`,`snmp_oid`,`hostid`,`name`,`key_`,`delay`,`history`,`trends`,`status`,`value_type`,`trapper_hosts`,`units`,`formula`,`logtimefmt`,`templateid`,`valuemapid`,`params`,`ipmi_sensor`,`authtype`,`username`,`password`,`publickey`,`privatekey`,`flags`,`interfaceid`,`description`,`inventory_link`,`lifetime`,`evaltype`,`jmx_endpoint`,`master_itemid`,`timeout`,`url`,`query_fields`,`posts`,`status_codes`,`follow_redirects`,`post_type`,`headers`,`retrieve_mode`,`request_method`,`output_format`,`verify_peer`,`verify_host`,`allow_traps`,`discover`) values ('28911','15','','10170','Performance: Buffer pool efficiency','mysql.buffer_pool_efficiency','1m','7d','365d','0','0','','%','','',NULL,NULL,'last(mysql.innodb_buffer_pool_reads) / \r\n( last(mysql.innodb_buffer_pool_read_requests) + \r\n( last(mysql.innodb_buffer_pool_read_requests) = 0 ) ) * 100 * \r\n( last(mysql.innodb_buffer_pool_read_requests) > 0 )','','0','','','','','0',NULL,'The item shows how effectively the buffer pool is serving reads.','0','30d','0','',NULL,'3s','','','','200','1','0','','0','0','0','0','0','0','0');
INSERT INTO `items` (`itemid`,`type`,`snmp_oid`,`hostid`,`name`,`key_`,`delay`,`history`,`trends`,`status`,`value_type`,`trapper_hosts`,`units`,`formula`,`logtimefmt`,`templateid`,`valuemapid`,`params`,`ipmi_sensor`,`authtype`,`username`,`password`,`publickey`,`privatekey`,`flags`,`interfaceid`,`description`,`inventory_link`,`lifetime`,`evaltype`,`jmx_endpoint`,`master_itemid`,`timeout`,`url`,`query_fields`,`posts`,`status_codes`,`follow_redirects`,`post_type`,`headers`,`retrieve_mode`,`request_method`,`output_format`,`verify_peer`,`verify_host`,`allow_traps`,`discover`) values ('28912','15','','10170','Performance: Buffer pool utilization','mysql.buffer_pool_utilization','1m','7d','365d','0','0','','%','','',NULL,NULL,'( last(mysql.innodb_buffer_pool_pages_total) - \r\nlast(mysql.innodb_buffer_pool_pages_free) ) / \r\n( last(mysql.innodb_buffer_pool_pages_total) + \r\n( last(mysql.innodb_buffer_pool_pages_total) = 0 ) ) * 100 *\r\n( last(mysql.innodb_buffer_pool_pages_total) > 0 )','','0','','','','','0',NULL,'Ratio of used to total pages in the buffer pool.','0','30d','0','',NULL,'3s','','','','200','1','0','','0','0','0','0','0','0','0');
INSERT INTO `items` (`itemid`,`type`,`snmp_oid`,`hostid`,`name`,`key_`,`delay`,`history`,`trends`,`status`,`value_type`,`trapper_hosts`,`units`,`formula`,`logtimefmt`,`templateid`,`valuemapid`,`params`,`ipmi_sensor`,`authtype`,`username`,`password`,`publickey`,`privatekey`,`flags`,`interfaceid`,`description`,`inventory_link`,`lifetime`,`evaltype`,`jmx_endpoint`,`master_itemid`,`timeout`,`url`,`query_fields`,`posts`,`status_codes`,`follow_redirects`,`post_type`,`headers`,`retrieve_mode`,`request_method`,`output_format`,`verify_peer`,`verify_host`,`allow_traps`,`discover`) values ('28913','0','','10170','Availability: Get status variables','mysql.get_status_variables["{$MYSQL.HOST}","{$MYSQL.PORT}"]','1m','1h','0','0','4','','','','',NULL,NULL,'','','0','','','','','0',NULL,'The item gets server global status information.','0','30d','0','',NULL,'3s','','','','200','1','0','','0','0','0','0','0','0','0');
INSERT INTO `items` (`itemid`,`type`,`snmp_oid`,`hostid`,`name`,`key_`,`delay`,`history`,`trends`,`status`,`value_type`,`trapper_hosts`,`units`,`formula`,`logtimefmt`,`templateid`,`valuemapid`,`params`,`ipmi_sensor`,`authtype`,`username`,`password`,`publickey`,`privatekey`,`flags`,`interfaceid`,`description`,`inventory_link`,`lifetime`,`evaltype`,`jmx_endpoint`,`master_itemid`,`timeout`,`url`,`query_fields`,`posts`,`status_codes`,`follow_redirects`,`post_type`,`headers`,`retrieve_mode`,`request_method`,`output_format`,`verify_peer`,`verify_host`,`allow_traps`,`discover`) values ('28914','18','','10170','Performance: InnoDB buffer pool reads','mysql.innodb_buffer_pool_reads','0','7d','365d','0','3','','','','',NULL,NULL,'','','0','','','','','0',NULL,'The number of logical reads that InnoDB could not satisfy from the buffer pool, and had to read directly from disk.','0','30d','0','','28913','3s','','','','200','1','0','','0','0','0','0','0','0','0');
INSERT INTO `items` (`itemid`,`type`,`snmp_oid`,`hostid`,`name`,`key_`,`delay`,`history`,`trends`,`status`,`value_type`,`trapper_hosts`,`units`,`formula`,`logtimefmt`,`templateid`,`valuemapid`,`params`,`ipmi_sensor`,`authtype`,`username`,`password`,`publickey`,`privatekey`,`flags`,`interfaceid`,`description`,`inventory_link`,`lifetime`,`evaltype`,`jmx_endpoint`,`master_itemid`,`timeout`,`url`,`query_fields`,`posts`,`status_codes`,`follow_redirects`,`post_type`,`headers`,`retrieve_mode`,`request_method`,`output_format`,`verify_peer`,`verify_host`,`allow_traps`,`discover`) values ('28915','18','','10170','Performance: InnoDB buffer pool read requests','mysql.innodb_buffer_pool_read_requests','0','7d','365d','0','3','','','','',NULL,NULL,'','','0','','','','','0',NULL,'The number of logical read requests.','0','30d','0','','28913','3s','','','','200','1','0','','0','0','0','0','0','0','0');
INSERT INTO `items` (`itemid`,`type`,`snmp_oid`,`hostid`,`name`,`key_`,`delay`,`history`,`trends`,`status`,`value_type`,`trapper_hosts`,`units`,`formula`,`logtimefmt`,`templateid`,`valuemapid`,`params`,`ipmi_sensor`,`authtype`,`username`,`password`,`publickey`,`privatekey`,`flags`,`interfaceid`,`description`,`inventory_link`,`lifetime`,`evaltype`,`jmx_endpoint`,`master_itemid`,`timeout`,`url`,`query_fields`,`posts`,`status_codes`,`follow_redirects`,`post_type`,`headers`,`retrieve_mode`,`request_method`,`output_format`,`verify_peer`,`verify_host`,`allow_traps`,`discover`) values ('28916','18','','10170','Performance: InnoDB row lock time','mysql.innodb_row_lock_time','0','7d','365d','0','0','','s','','',NULL,NULL,'','','0','','','','','0',NULL,'The total time spent in acquiring row locks for InnoDB tables, in milliseconds.','0','30d','0','','28913','3s','','','','200','1','0','','0','0','0','0','0','0','0');
INSERT INTO `items` (`itemid`,`type`,`snmp_oid`,`hostid`,`name`,`key_`,`delay`,`history`,`trends`,`status`,`value_type`,`trapper_hosts`,`units`,`formula`,`logtimefmt`,`templateid`,`valuemapid`,`params`,`ipmi_sensor`,`authtype`,`username`,`password`,`publickey`,`privatekey`,`flags`,`interfaceid`,`description`,`inventory_link`,`lifetime`,`evaltype`,`jmx_endpoint`,`master_itemid`,`timeout`,`url`,`query_fields`,`posts`,`status_codes`,`follow_redirects`,`post_type`,`headers`,`retrieve_mode`,`request_method`,`output_format`,`verify_peer`,`verify_host`,`allow_traps`,`discover`) values ('28917','18','','10170','Performance: InnoDB row lock time max','mysql.innodb_row_lock_time_max','0','7d','365d','0','0','','s','','',NULL,NULL,'','','0','','','','','0',NULL,'The maximum time to acquire a row lock for InnoDB tables, in milliseconds.','0','30d','0','','28913','3s','','','','200','1','0','','0','0','0','0','0','0','0');
INSERT INTO `items` (`itemid`,`type`,`snmp_oid`,`hostid`,`name`,`key_`,`delay`,`history`,`trends`,`status`,`value_type`,`trapper_hosts`,`units`,`formula`,`logtimefmt`,`templateid`,`valuemapid`,`params`,`ipmi_sensor`,`authtype`,`username`,`password`,`publickey`,`privatekey`,`flags`,`interfaceid`,`description`,`inventory_link`,`lifetime`,`evaltype`,`jmx_endpoint`,`master_itemid`,`timeout`,`url`,`query_fields`,`posts`,`status_codes`,`follow_redirects`,`post_type`,`headers`,`retrieve_mode`,`request_method`,`output_format`,`verify_peer`,`verify_host`,`allow_traps`,`discover`) values ('28918','18','','10170','Performance: InnoDB row lock waits','mysql.innodb_row_lock_waits','0','7d','365d','0','3','','','','',NULL,NULL,'','','0','','','','','0',NULL,'The number of times operations on InnoDB tables had to wait for a row lock.','0','30d','0','','28913','3s','','','','200','1','0','','0','0','0','0','0','0','0');
INSERT INTO `items` (`itemid`,`type`,`snmp_oid`,`hostid`,`name`,`key_`,`delay`,`history`,`trends`,`status`,`value_type`,`trapper_hosts`,`units`,`formula`,`logtimefmt`,`templateid`,`valuemapid`,`params`,`ipmi_sensor`,`authtype`,`username`,`password`,`publickey`,`privatekey`,`flags`,`interfaceid`,`description`,`inventory_link`,`lifetime`,`evaltype`,`jmx_endpoint`,`master_itemid`,`timeout`,`url`,`query_fields`,`posts`,`status_codes`,`follow_redirects`,`post_type`,`headers`,`retrieve_mode`,`request_method`,`output_format`,`verify_peer`,`verify_host`,`allow_traps`,`discover`) values ('28919','18','','10170','Connections: Max used connections','mysql.max_used_connections','0','7d','365d','0','3','','','','',NULL,NULL,'','','0','','','','','0',NULL,'The maximum number of connections that have been in use simultaneously since the server started.','0','30d','0','','28913','3s','','','','200','1','0','','0','0','0','0','0','0','0');
INSERT INTO `items` (`itemid`,`type`,`snmp_oid`,`hostid`,`name`,`key_`,`delay`,`history`,`trends`,`status`,`value_type`,`trapper_hosts`,`units`,`formula`,`logtimefmt`,`templateid`,`valuemapid`,`params`,`ipmi_sensor`,`authtype`,`username`,`password`,`publickey`,`privatekey`,`flags`,`interfaceid`,`description`,`inventory_link`,`lifetime`,`evaltype`,`jmx_endpoint`,`master_itemid`,`timeout`,`url`,`query_fields`,`posts`,`status_codes`,`follow_redirects`,`post_type`,`headers`,`retrieve_mode`,`request_method`,`output_format`,`verify_peer`,`verify_host`,`allow_traps`,`discover`) values ('28920','18','','10170','Throughput: Questions per second','mysql.questions.rate','0','7d','365d','0','0','','','','',NULL,NULL,'','','0','','','','','0',NULL,'The number of statements executed by the server. This includes only statements sent to the server by clients and not statements executed within stored programs, unlike the Queries variable.','0','30d','0','','28913','3s','','','','200','1','0','','0','0','0','0','0','0','0');
INSERT INTO `items` (`itemid`,`type`,`snmp_oid`,`hostid`,`name`,`key_`,`delay`,`history`,`trends`,`status`,`value_type`,`trapper_hosts`,`units`,`formula`,`logtimefmt`,`templateid`,`valuemapid`,`params`,`ipmi_sensor`,`authtype`,`username`,`password`,`publickey`,`privatekey`,`flags`,`interfaceid`,`description`,`inventory_link`,`lifetime`,`evaltype`,`jmx_endpoint`,`master_itemid`,`timeout`,`url`,`query_fields`,`posts`,`status_codes`,`follow_redirects`,`post_type`,`headers`,`retrieve_mode`,`request_method`,`output_format`,`verify_peer`,`verify_host`,`allow_traps`,`discover`) values ('28921','18','','10170','Throughput: Queries per second','mysql.queries.rate','0','7d','365d','0','0','','','','',NULL,NULL,'','','0','','','','','0',NULL,'The number of statements executed by the server. This variable includes statements executed within stored programs, unlike the Questions variable.','0','30d','0','','28913','3s','','','','200','1','0','','0','0','0','0','0','0','0');
INSERT INTO `items` (`itemid`,`type`,`snmp_oid`,`hostid`,`name`,`key_`,`delay`,`history`,`trends`,`status`,`value_type`,`trapper_hosts`,`units`,`formula`,`logtimefmt`,`templateid`,`valuemapid`,`params`,`ipmi_sensor`,`authtype`,`username`,`password`,`publickey`,`privatekey`,`flags`,`interfaceid`,`description`,`inventory_link`,`lifetime`,`evaltype`,`jmx_endpoint`,`master_itemid`,`timeout`,`url`,`query_fields`,`posts`,`status_codes`,`follow_redirects`,`post_type`,`headers`,`retrieve_mode`,`request_method`,`output_format`,`verify_peer`,`verify_host`,`allow_traps`,`discover`) values ('28922','18','','10170','Performance: Slow queries per second','mysql.slow_queries.rate','0','7d','365d','0','0','','','','',NULL,NULL,'','','0','','','','','0',NULL,'The number of queries that have taken more than long_query_time seconds.','0','30d','0','','28913','3s','','','','200','1','0','','0','0','0','0','0','0','0');
INSERT INTO `items` (`itemid`,`type`,`snmp_oid`,`hostid`,`name`,`key_`,`delay`,`history`,`trends`,`status`,`value_type`,`trapper_hosts`,`units`,`formula`,`logtimefmt`,`templateid`,`valuemapid`,`params`,`ipmi_sensor`,`authtype`,`username`,`password`,`publickey`,`privatekey`,`flags`,`interfaceid`,`description`,`inventory_link`,`lifetime`,`evaltype`,`jmx_endpoint`,`master_itemid`,`timeout`,`url`,`query_fields`,`posts`,`status_codes`,`follow_redirects`,`post_type`,`headers`,`retrieve_mode`,`request_method`,`output_format`,`verify_peer`,`verify_host`,`allow_traps`,`discover`) values ('28923','18','','10170','Connections: Threads cached','mysql.threads_cached','0','7d','365d','0','3','','','','',NULL,NULL,'','','0','','','','','0',NULL,'The number of threads in the thread cache.','0','30d','0','','28913','3s','','','','200','1','0','','0','0','0','0','0','0','0');
INSERT INTO `items` (`itemid`,`type`,`snmp_oid`,`hostid`,`name`,`key_`,`delay`,`history`,`trends`,`status`,`value_type`,`trapper_hosts`,`units`,`formula`,`logtimefmt`,`templateid`,`valuemapid`,`params`,`ipmi_sensor`,`authtype`,`username`,`password`,`publickey`,`privatekey`,`flags`,`interfaceid`,`description`,`inventory_link`,`lifetime`,`evaltype`,`jmx_endpoint`,`master_itemid`,`timeout`,`url`,`query_fields`,`posts`,`status_codes`,`follow_redirects`,`post_type`,`headers`,`retrieve_mode`,`request_method`,`output_format`,`verify_peer`,`verify_host`,`allow_traps`,`discover`) values ('28924','18','','10170','Connections: Threads connected','mysql.threads_connected','0','7d','365d','0','3','','','','',NULL,NULL,'','','0','','','','','0',NULL,'The number of currently open connections.','0','30d','0','','28913','3s','','','','200','1','0','','0','0','0','0','0','0','0');
INSERT INTO `items` (`itemid`,`type`,`snmp_oid`,`hostid`,`name`,`key_`,`delay`,`history`,`trends`,`status`,`value_type`,`trapper_hosts`,`units`,`formula`,`logtimefmt`,`templateid`,`valuemapid`,`params`,`ipmi_sensor`,`authtype`,`username`,`password`,`publickey`,`privatekey`,`flags`,`interfaceid`,`description`,`inventory_link`,`lifetime`,`evaltype`,`jmx_endpoint`,`master_itemid`,`timeout`,`url`,`query_fields`,`posts`,`status_codes`,`follow_redirects`,`post_type`,`headers`,`retrieve_mode`,`request_method`,`output_format`,`verify_peer`,`verify_host`,`allow_traps`,`discover`) values ('28925','18','','10170','Connections: Threads created','mysql.threads_created','0','7d','365d','0','3','','','','',NULL,NULL,'','','0','','','','','0',NULL,'The number of threads created to handle connections. If Threads_created is big, you may want to increase the thread_cache_size value. The cache miss rate can be calculated as Threads_created/Connections.','0','30d','0','','28913','3s','','','','200','1','0','','0','0','0','0','0','0','0');
INSERT INTO `items` (`itemid`,`type`,`snmp_oid`,`hostid`,`name`,`key_`,`delay`,`history`,`trends`,`status`,`value_type`,`trapper_hosts`,`units`,`formula`,`logtimefmt`,`templateid`,`valuemapid`,`params`,`ipmi_sensor`,`authtype`,`username`,`password`,`publickey`,`privatekey`,`flags`,`interfaceid`,`description`,`inventory_link`,`lifetime`,`evaltype`,`jmx_endpoint`,`master_itemid`,`timeout`,`url`,`query_fields`,`posts`,`status_codes`,`follow_redirects`,`post_type`,`headers`,`retrieve_mode`,`request_method`,`output_format`,`verify_peer`,`verify_host`,`allow_traps`,`discover`) values ('28926','18','','10170','Connections: Threads running','mysql.threads_running','0','7d','365d','0','3','','','','',NULL,NULL,'','','0','','','','','0',NULL,'The number of threads that are not sleeping.','0','30d','0','','28913','3s','','','','200','1','0','','0','0','0','0','0','0','0');
INSERT INTO `items` (`itemid`,`type`,`snmp_oid`,`hostid`,`name`,`key_`,`delay`,`history`,`trends`,`status`,`value_type`,`trapper_hosts`,`units`,`formula`,`logtimefmt`,`templateid`,`valuemapid`,`params`,`ipmi_sensor`,`authtype`,`username`,`password`,`publickey`,`privatekey`,`flags`,`interfaceid`,`description`,`inventory_link`,`lifetime`,`evaltype`,`jmx_endpoint`,`master_itemid`,`timeout`,`url`,`query_fields`,`posts`,`status_codes`,`follow_redirects`,`post_type`,`headers`,`retrieve_mode`,`request_method`,`output_format`,`verify_peer`,`verify_host`,`allow_traps`,`discover`) values ('28927','18','','10170','Info: Uptime','mysql.uptime','0','7d','365d','0','3','','uptime','','',NULL,NULL,'','','0','','','','','0',NULL,'The number of seconds that the server has been up.','0','30d','0','','28913','3s','','','','200','1','0','','0','0','0','0','0','0','0');
INSERT INTO `items` (`itemid`,`type`,`snmp_oid`,`hostid`,`name`,`key_`,`delay`,`history`,`trends`,`status`,`value_type`,`trapper_hosts`,`units`,`formula`,`logtimefmt`,`templateid`,`valuemapid`,`params`,`ipmi_sensor`,`authtype`,`username`,`password`,`publickey`,`privatekey`,`flags`,`interfaceid`,`description`,`inventory_link`,`lifetime`,`evaltype`,`jmx_endpoint`,`master_itemid`,`timeout`,`url`,`query_fields`,`posts`,`status_codes`,`follow_redirects`,`post_type`,`headers`,`retrieve_mode`,`request_method`,`output_format`,`verify_peer`,`verify_host`,`allow_traps`,`discover`) values ('28928','18','','10170','Performance: InnoDB buffer pool pages total','mysql.innodb_buffer_pool_pages_total','0','7d','365d','0','3','','','','',NULL,NULL,'','','0','','','','','0',NULL,'The total size of the InnoDB buffer pool, in pages.','0','30d','0','','28913','3s','','','','200','1','0','','0','0','0','0','0','0','0');
INSERT INTO `items` (`itemid`,`type`,`snmp_oid`,`hostid`,`name`,`key_`,`delay`,`history`,`trends`,`status`,`value_type`,`trapper_hosts`,`units`,`formula`,`logtimefmt`,`templateid`,`valuemapid`,`params`,`ipmi_sensor`,`authtype`,`username`,`password`,`publickey`,`privatekey`,`flags`,`interfaceid`,`description`,`inventory_link`,`lifetime`,`evaltype`,`jmx_endpoint`,`master_itemid`,`timeout`,`url`,`query_fields`,`posts`,`status_codes`,`follow_redirects`,`post_type`,`headers`,`retrieve_mode`,`request_method`,`output_format`,`verify_peer`,`verify_host`,`allow_traps`,`discover`) values ('28929','18','','10170','Connections: Aborted clients per second','mysql.aborted_clients.rate','0','7d','365d','0','0','','','','',NULL,NULL,'','','0','','','','','0',NULL,'The number of connections that were aborted because the client died without closing the connection properly.','0','30d','0','','28913','3s','','','','200','1','0','','0','0','0','0','0','0','0');
INSERT INTO `items` (`itemid`,`type`,`snmp_oid`,`hostid`,`name`,`key_`,`delay`,`history`,`trends`,`status`,`value_type`,`trapper_hosts`,`units`,`formula`,`logtimefmt`,`templateid`,`valuemapid`,`params`,`ipmi_sensor`,`authtype`,`username`,`password`,`publickey`,`privatekey`,`flags`,`interfaceid`,`description`,`inventory_link`,`lifetime`,`evaltype`,`jmx_endpoint`,`master_itemid`,`timeout`,`url`,`query_fields`,`posts`,`status_codes`,`follow_redirects`,`post_type`,`headers`,`retrieve_mode`,`request_method`,`output_format`,`verify_peer`,`verify_host`,`allow_traps`,`discover`) values ('28930','18','','10170','Performance: InnoDB buffer pool pages free','mysql.innodb_buffer_pool_pages_free','0','7d','365d','0','3','','','','',NULL,NULL,'','','0','','','','','0',NULL,'The total size of the InnoDB buffer pool, in pages.','0','30d','0','','28913','3s','','','','200','1','0','','0','0','0','0','0','0','0');
INSERT INTO `items` (`itemid`,`type`,`snmp_oid`,`hostid`,`name`,`key_`,`delay`,`history`,`trends`,`status`,`value_type`,`trapper_hosts`,`units`,`formula`,`logtimefmt`,`templateid`,`valuemapid`,`params`,`ipmi_sensor`,`authtype`,`username`,`password`,`publickey`,`privatekey`,`flags`,`interfaceid`,`description`,`inventory_link`,`lifetime`,`evaltype`,`jmx_endpoint`,`master_itemid`,`timeout`,`url`,`query_fields`,`posts`,`status_codes`,`follow_redirects`,`post_type`,`headers`,`retrieve_mode`,`request_method`,`output_format`,`verify_peer`,`verify_host`,`allow_traps`,`discover`) values ('28931','18','','10170','Connections: Connections per second','mysql.connections.rate','0','7d','365d','0','0','','','','',NULL,NULL,'','','0','','','','','0',NULL,'The number of connection attempts (successful or not) to the MySQL server.','0','30d','0','','28913','3s','','','','200','1','0','','0','0','0','0','0','0','0');
INSERT INTO `items` (`itemid`,`type`,`snmp_oid`,`hostid`,`name`,`key_`,`delay`,`history`,`trends`,`status`,`value_type`,`trapper_hosts`,`units`,`formula`,`logtimefmt`,`templateid`,`valuemapid`,`params`,`ipmi_sensor`,`authtype`,`username`,`password`,`publickey`,`privatekey`,`flags`,`interfaceid`,`description`,`inventory_link`,`lifetime`,`evaltype`,`jmx_endpoint`,`master_itemid`,`timeout`,`url`,`query_fields`,`posts`,`status_codes`,`follow_redirects`,`post_type`,`headers`,`retrieve_mode`,`request_method`,`output_format`,`verify_peer`,`verify_host`,`allow_traps`,`discover`) values ('28932','18','','10170','Throughput: Bytes received','mysql.bytes_received.rate','0','7d','365d','0','0','','Bps','','',NULL,NULL,'','','0','','','','','0',NULL,'The number of bytes received from all clients.','0','30d','0','','28913','3s','','','','200','1','0','','0','0','0','0','0','0','0');
INSERT INTO `items` (`itemid`,`type`,`snmp_oid`,`hostid`,`name`,`key_`,`delay`,`history`,`trends`,`status`,`value_type`,`trapper_hosts`,`units`,`formula`,`logtimefmt`,`templateid`,`valuemapid`,`params`,`ipmi_sensor`,`authtype`,`username`,`password`,`publickey`,`privatekey`,`flags`,`interfaceid`,`description`,`inventory_link`,`lifetime`,`evaltype`,`jmx_endpoint`,`master_itemid`,`timeout`,`url`,`query_fields`,`posts`,`status_codes`,`follow_redirects`,`post_type`,`headers`,`retrieve_mode`,`request_method`,`output_format`,`verify_peer`,`verify_host`,`allow_traps`,`discover`) values ('28933','18','','10170','Throughput: Bytes sent','mysql.bytes_sent.rate','0','7d','365d','0','0','','Bps','','',NULL,NULL,'','','0','','','','','0',NULL,'The number of bytes sent to all clients.','0','30d','0','','28913','3s','','','','200','1','0','','0','0','0','0','0','0','0');
INSERT INTO `items` (`itemid`,`type`,`snmp_oid`,`hostid`,`name`,`key_`,`delay`,`history`,`trends`,`status`,`value_type`,`trapper_hosts`,`units`,`formula`,`logtimefmt`,`templateid`,`valuemapid`,`params`,`ipmi_sensor`,`authtype`,`username`,`password`,`publickey`,`privatekey`,`flags`,`interfaceid`,`description`,`inventory_link`,`lifetime`,`evaltype`,`jmx_endpoint`,`master_itemid`,`timeout`,`url`,`query_fields`,`posts`,`status_codes`,`follow_redirects`,`post_type`,`headers`,`retrieve_mode`,`request_method`,`output_format`,`verify_peer`,`verify_host`,`allow_traps`,`discover`) values ('28934','18','','10170','Throughput: Command Delete per second','mysql.com_delete.rate','0','7d','365d','0','0','','','','',NULL,NULL,'','','0','','','','','0',NULL,'The Com_delete counter variable indicates the number of times the delete statement has been executed.','0','30d','0','','28913','3s','','','','200','1','0','','0','0','0','0','0','0','0');
INSERT INTO `items` (`itemid`,`type`,`snmp_oid`,`hostid`,`name`,`key_`,`delay`,`history`,`trends`,`status`,`value_type`,`trapper_hosts`,`units`,`formula`,`logtimefmt`,`templateid`,`valuemapid`,`params`,`ipmi_sensor`,`authtype`,`username`,`password`,`publickey`,`privatekey`,`flags`,`interfaceid`,`description`,`inventory_link`,`lifetime`,`evaltype`,`jmx_endpoint`,`master_itemid`,`timeout`,`url`,`query_fields`,`posts`,`status_codes`,`follow_redirects`,`post_type`,`headers`,`retrieve_mode`,`request_method`,`output_format`,`verify_peer`,`verify_host`,`allow_traps`,`discover`) values ('28935','18','','10170','Throughput: Command Insert per second','mysql.com_insert.rate','0','7d','365d','0','0','','','','',NULL,NULL,'','','0','','','','','0',NULL,'The Com_insert counter variable indicates the number of times the insert statement has been executed.','0','30d','0','','28913','3s','','','','200','1','0','','0','0','0','0','0','0','0');
INSERT INTO `items` (`itemid`,`type`,`snmp_oid`,`hostid`,`name`,`key_`,`delay`,`history`,`trends`,`status`,`value_type`,`trapper_hosts`,`units`,`formula`,`logtimefmt`,`templateid`,`valuemapid`,`params`,`ipmi_sensor`,`authtype`,`username`,`password`,`publickey`,`privatekey`,`flags`,`interfaceid`,`description`,`inventory_link`,`lifetime`,`evaltype`,`jmx_endpoint`,`master_itemid`,`timeout`,`url`,`query_fields`,`posts`,`status_codes`,`follow_redirects`,`post_type`,`headers`,`retrieve_mode`,`request_method`,`output_format`,`verify_peer`,`verify_host`,`allow_traps`,`discover`) values ('28936','18','','10170','Throughput: Command Select per second','mysql.com_select.rate','0','7d','365d','0','0','','','','',NULL,NULL,'','','0','','','','','0',NULL,'The Com_select counter variable indicates the number of times the select statement has been executed.','0','30d','0','','28913','3s','','','','200','1','0','','0','0','0','0','0','0','0');
INSERT INTO `items` (`itemid`,`type`,`snmp_oid`,`hostid`,`name`,`key_`,`delay`,`history`,`trends`,`status`,`value_type`,`trapper_hosts`,`units`,`formula`,`logtimefmt`,`templateid`,`valuemapid`,`params`,`ipmi_sensor`,`authtype`,`username`,`password`,`publickey`,`privatekey`,`flags`,`interfaceid`,`description`,`inventory_link`,`lifetime`,`evaltype`,`jmx_endpoint`,`master_itemid`,`timeout`,`url`,`query_fields`,`posts`,`status_codes`,`follow_redirects`,`post_type`,`headers`,`retrieve_mode`,`request_method`,`output_format`,`verify_peer`,`verify_host`,`allow_traps`,`discover`) values ('28937','18','','10170','Throughput: Command Update per second','mysql.com_update.rate','0','7d','365d','0','0','','','','',NULL,NULL,'','','0','','','','','0',NULL,'The Com_update counter variable indicates the number of times the update statement has been executed.','0','30d','0','','28913','3s','','','','200','1','0','','0','0','0','0','0','0','0');
INSERT INTO `items` (`itemid`,`type`,`snmp_oid`,`hostid`,`name`,`key_`,`delay`,`history`,`trends`,`status`,`value_type`,`trapper_hosts`,`units`,`formula`,`logtimefmt`,`templateid`,`valuemapid`,`params`,`ipmi_sensor`,`authtype`,`username`,`password`,`publickey`,`privatekey`,`flags`,`interfaceid`,`description`,`inventory_link`,`lifetime`,`evaltype`,`jmx_endpoint`,`master_itemid`,`timeout`,`url`,`query_fields`,`posts`,`status_codes`,`follow_redirects`,`post_type`,`headers`,`retrieve_mode`,`request_method`,`output_format`,`verify_peer`,`verify_host`,`allow_traps`,`discover`) values ('28938','18','','10170','Connections: Connection errors accept per second','mysql.connection_errors_accept.rate','0','7d','365d','0','0','','','','',NULL,NULL,'','','0','','','','','0',NULL,'Number of errors that occurred during calls to accept() on the listening port.','0','30d','0','','28913','3s','','','','200','1','0','','0','0','0','0','0','0','0');
INSERT INTO `items` (`itemid`,`type`,`snmp_oid`,`hostid`,`name`,`key_`,`delay`,`history`,`trends`,`status`,`value_type`,`trapper_hosts`,`units`,`formula`,`logtimefmt`,`templateid`,`valuemapid`,`params`,`ipmi_sensor`,`authtype`,`username`,`password`,`publickey`,`privatekey`,`flags`,`interfaceid`,`description`,`inventory_link`,`lifetime`,`evaltype`,`jmx_endpoint`,`master_itemid`,`timeout`,`url`,`query_fields`,`posts`,`status_codes`,`follow_redirects`,`post_type`,`headers`,`retrieve_mode`,`request_method`,`output_format`,`verify_peer`,`verify_host`,`allow_traps`,`discover`) values ('28939','18','','10170','Connections: Aborted connections per second','mysql.aborted_connects.rate','0','7d','365d','0','0','','','','',NULL,NULL,'','','0','','','','','0',NULL,'The number of failed attempts to connect to the MySQL server.','0','30d','0','','28913','3s','','','','200','1','0','','0','0','0','0','0','0','0');
INSERT INTO `items` (`itemid`,`type`,`snmp_oid`,`hostid`,`name`,`key_`,`delay`,`history`,`trends`,`status`,`value_type`,`trapper_hosts`,`units`,`formula`,`logtimefmt`,`templateid`,`valuemapid`,`params`,`ipmi_sensor`,`authtype`,`username`,`password`,`publickey`,`privatekey`,`flags`,`interfaceid`,`description`,`inventory_link`,`lifetime`,`evaltype`,`jmx_endpoint`,`master_itemid`,`timeout`,`url`,`query_fields`,`posts`,`status_codes`,`follow_redirects`,`post_type`,`headers`,`retrieve_mode`,`request_method`,`output_format`,`verify_peer`,`verify_host`,`allow_traps`,`discover`) values ('28940','18','','10170','Connections: Connection errors internal per second','mysql.connection_errors_internal.rate','0','7d','365d','0','0','','','','',NULL,NULL,'','','0','','','','','0',NULL,'Number of refused connections due to internal server errors, for example out of memory errors, or failed thread starts.','0','30d','0','','28913','3s','','','','200','1','0','','0','0','0','0','0','0','0');
INSERT INTO `items` (`itemid`,`type`,`snmp_oid`,`hostid`,`name`,`key_`,`delay`,`history`,`trends`,`status`,`value_type`,`trapper_hosts`,`units`,`formula`,`logtimefmt`,`templateid`,`valuemapid`,`params`,`ipmi_sensor`,`authtype`,`username`,`password`,`publickey`,`privatekey`,`flags`,`interfaceid`,`description`,`inventory_link`,`lifetime`,`evaltype`,`jmx_endpoint`,`master_itemid`,`timeout`,`url`,`query_fields`,`posts`,`status_codes`,`follow_redirects`,`post_type`,`headers`,`retrieve_mode`,`request_method`,`output_format`,`verify_peer`,`verify_host`,`allow_traps`,`discover`) values ('28941','18','','10170','Connections: Connection errors max connections per second','mysql.connection_errors_max_connections.rate','0','7d','365d','0','0','','','','',NULL,NULL,'','','0','','','','','0',NULL,'Number of refused connections due to the max_connections limit being reached.','0','30d','0','','28913','3s','','','','200','1','0','','0','0','0','0','0','0','0');
INSERT INTO `items` (`itemid`,`type`,`snmp_oid`,`hostid`,`name`,`key_`,`delay`,`history`,`trends`,`status`,`value_type`,`trapper_hosts`,`units`,`formula`,`logtimefmt`,`templateid`,`valuemapid`,`params`,`ipmi_sensor`,`authtype`,`username`,`password`,`publickey`,`privatekey`,`flags`,`interfaceid`,`description`,`inventory_link`,`lifetime`,`evaltype`,`jmx_endpoint`,`master_itemid`,`timeout`,`url`,`query_fields`,`posts`,`status_codes`,`follow_redirects`,`post_type`,`headers`,`retrieve_mode`,`request_method`,`output_format`,`verify_peer`,`verify_host`,`allow_traps`,`discover`) values ('28942','18','','10170','Connections: Connection errors peer address per second','mysql.connection_errors_peer_address.rate','0','7d','365d','0','0','','','','',NULL,NULL,'','','0','','','','','0',NULL,'Number of errors while searching for the connecting client IP address.','0','30d','0','','28913','3s','','','','200','1','0','','0','0','0','0','0','0','0');
INSERT INTO `items` (`itemid`,`type`,`snmp_oid`,`hostid`,`name`,`key_`,`delay`,`history`,`trends`,`status`,`value_type`,`trapper_hosts`,`units`,`formula`,`logtimefmt`,`templateid`,`valuemapid`,`params`,`ipmi_sensor`,`authtype`,`username`,`password`,`publickey`,`privatekey`,`flags`,`interfaceid`,`description`,`inventory_link`,`lifetime`,`evaltype`,`jmx_endpoint`,`master_itemid`,`timeout`,`url`,`query_fields`,`posts`,`status_codes`,`follow_redirects`,`post_type`,`headers`,`retrieve_mode`,`request_method`,`output_format`,`verify_peer`,`verify_host`,`allow_traps`,`discover`) values ('28943','18','','10170','Connections: Connection errors select per second','mysql.connection_errors_select.rate','0','7d','365d','0','0','','','','',NULL,NULL,'','','0','','','','','0',NULL,'Number of errors during calls to select() or poll() on the listening port. The client would not necessarily have been rejected in these cases.','0','30d','0','','28913','3s','','','','200','1','0','','0','0','0','0','0','0','0');
INSERT INTO `items` (`itemid`,`type`,`snmp_oid`,`hostid`,`name`,`key_`,`delay`,`history`,`trends`,`status`,`value_type`,`trapper_hosts`,`units`,`formula`,`logtimefmt`,`templateid`,`valuemapid`,`params`,`ipmi_sensor`,`authtype`,`username`,`password`,`publickey`,`privatekey`,`flags`,`interfaceid`,`description`,`inventory_link`,`lifetime`,`evaltype`,`jmx_endpoint`,`master_itemid`,`timeout`,`url`,`query_fields`,`posts`,`status_codes`,`follow_redirects`,`post_type`,`headers`,`retrieve_mode`,`request_method`,`output_format`,`verify_peer`,`verify_host`,`allow_traps`,`discover`) values ('28944','18','','10170','Connections: Connection errors tcpwrap per second','mysql.connection_errors_tcpwrap.rate','0','7d','365d','0','0','','','','',NULL,NULL,'','','0','','','','','0',NULL,'Number of connections the libwrap library refused.','0','30d','0','','28913','3s','','','','200','1','0','','0','0','0','0','0','0','0');
INSERT INTO `items` (`itemid`,`type`,`snmp_oid`,`hostid`,`name`,`key_`,`delay`,`history`,`trends`,`status`,`value_type`,`trapper_hosts`,`units`,`formula`,`logtimefmt`,`templateid`,`valuemapid`,`params`,`ipmi_sensor`,`authtype`,`username`,`password`,`publickey`,`privatekey`,`flags`,`interfaceid`,`description`,`inventory_link`,`lifetime`,`evaltype`,`jmx_endpoint`,`master_itemid`,`timeout`,`url`,`query_fields`,`posts`,`status_codes`,`follow_redirects`,`post_type`,`headers`,`retrieve_mode`,`request_method`,`output_format`,`verify_peer`,`verify_host`,`allow_traps`,`discover`) values ('28945','18','','10170','Performance: Created tmp tables on disk','mysql.created_tmp_disk_tables','0','7d','365d','0','3','','','','',NULL,NULL,'','','0','','','','','0',NULL,'The number of internal on-disk temporary tables created by the server while executing statements.','0','30d','0','','28913','3s','','','','200','1','0','','0','0','0','0','0','0','0');
INSERT INTO `items` (`itemid`,`type`,`snmp_oid`,`hostid`,`name`,`key_`,`delay`,`history`,`trends`,`status`,`value_type`,`trapper_hosts`,`units`,`formula`,`logtimefmt`,`templateid`,`valuemapid`,`params`,`ipmi_sensor`,`authtype`,`username`,`password`,`publickey`,`privatekey`,`flags`,`interfaceid`,`description`,`inventory_link`,`lifetime`,`evaltype`,`jmx_endpoint`,`master_itemid`,`timeout`,`url`,`query_fields`,`posts`,`status_codes`,`follow_redirects`,`post_type`,`headers`,`retrieve_mode`,`request_method`,`output_format`,`verify_peer`,`verify_host`,`allow_traps`,`discover`) values ('28946','18','','10170','Performance: Created tmp files on disk','mysql.created_tmp_files','0','7d','365d','0','3','','','','',NULL,NULL,'','','0','','','','','0',NULL,'How many temporary files mysqld has created.','0','30d','0','','28913','3s','','','','200','1','0','','0','0','0','0','0','0','0');
INSERT INTO `items` (`itemid`,`type`,`snmp_oid`,`hostid`,`name`,`key_`,`delay`,`history`,`trends`,`status`,`value_type`,`trapper_hosts`,`units`,`formula`,`logtimefmt`,`templateid`,`valuemapid`,`params`,`ipmi_sensor`,`authtype`,`username`,`password`,`publickey`,`privatekey`,`flags`,`interfaceid`,`description`,`inventory_link`,`lifetime`,`evaltype`,`jmx_endpoint`,`master_itemid`,`timeout`,`url`,`query_fields`,`posts`,`status_codes`,`follow_redirects`,`post_type`,`headers`,`retrieve_mode`,`request_method`,`output_format`,`verify_peer`,`verify_host`,`allow_traps`,`discover`) values ('28947','18','','10170','Performance: Created tmp tables on memory','mysql.created_tmp_tables','0','7d','365d','0','3','','','','',NULL,NULL,'','','0','','','','','0',NULL,'The number of internal temporary tables created by the server while executing statements.','0','30d','0','','28913','3s','','','','200','1','0','','0','0','0','0','0','0','0');
INSERT INTO `items` (`itemid`,`type`,`snmp_oid`,`hostid`,`name`,`key_`,`delay`,`history`,`trends`,`status`,`value_type`,`trapper_hosts`,`units`,`formula`,`logtimefmt`,`templateid`,`valuemapid`,`params`,`ipmi_sensor`,`authtype`,`username`,`password`,`publickey`,`privatekey`,`flags`,`interfaceid`,`description`,`inventory_link`,`lifetime`,`evaltype`,`jmx_endpoint`,`master_itemid`,`timeout`,`url`,`query_fields`,`posts`,`status_codes`,`follow_redirects`,`post_type`,`headers`,`retrieve_mode`,`request_method`,`output_format`,`verify_peer`,`verify_host`,`allow_traps`,`discover`) values ('28948','0','','10170','Databases discovery','mysql.db.discovery["{$MYSQL.HOST}","{$MYSQL.PORT}"]','1h','90d','0','0','4','','','','',NULL,NULL,'','','0','','','','','1',NULL,'Scanning databases in DBMS.','0','30d','0','',NULL,'3s','','','','200','1','0','','0','0','0','0','0','0','0');
INSERT INTO `items` (`itemid`,`type`,`snmp_oid`,`hostid`,`name`,`key_`,`delay`,`history`,`trends`,`status`,`value_type`,`trapper_hosts`,`units`,`formula`,`logtimefmt`,`templateid`,`valuemapid`,`params`,`ipmi_sensor`,`authtype`,`username`,`password`,`publickey`,`privatekey`,`flags`,`interfaceid`,`description`,`inventory_link`,`lifetime`,`evaltype`,`jmx_endpoint`,`master_itemid`,`timeout`,`url`,`query_fields`,`posts`,`status_codes`,`follow_redirects`,`post_type`,`headers`,`retrieve_mode`,`request_method`,`output_format`,`verify_peer`,`verify_host`,`allow_traps`,`discover`) values ('28949','0','','10170','Replication discovery','mysql.replication.discovery["{$MYSQL.HOST}","{$MYSQL.PORT}"]','1h','90d','0','0','4','','','','',NULL,NULL,'','','0','','','','','1',NULL,'If \'show slave status\' returns Master_Host, "Replication: *" items are created.','0','30d','0','',NULL,'3s','','','','200','1','0','','0','0','0','0','0','0','0');
INSERT INTO `items` (`itemid`,`type`,`snmp_oid`,`hostid`,`name`,`key_`,`delay`,`history`,`trends`,`status`,`value_type`,`trapper_hosts`,`units`,`formula`,`logtimefmt`,`templateid`,`valuemapid`,`params`,`ipmi_sensor`,`authtype`,`username`,`password`,`publickey`,`privatekey`,`flags`,`interfaceid`,`description`,`inventory_link`,`lifetime`,`evaltype`,`jmx_endpoint`,`master_itemid`,`timeout`,`url`,`query_fields`,`posts`,`status_codes`,`follow_redirects`,`post_type`,`headers`,`retrieve_mode`,`request_method`,`output_format`,`verify_peer`,`verify_host`,`allow_traps`,`discover`) values ('28950','0','','10170','Info: Size of database {#DBNAME}','mysql.dbsize["{$MYSQL.HOST}","{$MYSQL.PORT}","{#DBNAME}"]','5m','7d','365d','0','3','','B','','',NULL,NULL,'','','0','','','','','2',NULL,'','0','30d','0','',NULL,'3s','','','','200','1','0','','0','0','0','0','0','0','0');
INSERT INTO `items` (`itemid`,`type`,`snmp_oid`,`hostid`,`name`,`key_`,`delay`,`history`,`trends`,`status`,`value_type`,`trapper_hosts`,`units`,`formula`,`logtimefmt`,`templateid`,`valuemapid`,`params`,`ipmi_sensor`,`authtype`,`username`,`password`,`publickey`,`privatekey`,`flags`,`interfaceid`,`description`,`inventory_link`,`lifetime`,`evaltype`,`jmx_endpoint`,`master_itemid`,`timeout`,`url`,`query_fields`,`posts`,`status_codes`,`follow_redirects`,`post_type`,`headers`,`retrieve_mode`,`request_method`,`output_format`,`verify_peer`,`verify_host`,`allow_traps`,`discover`) values ('28951','0','','10170','Replication: Slave status {#MASTERHOST}','mysql.slave_status["{$MYSQL.HOST}","{$MYSQL.PORT}","{#MASTERHOST}"]','1m','1h','0','0','4','','','','',NULL,NULL,'','','0','','','','','2',NULL,'The item gets status information on essential parameters of the slave threads.','0','30d','0','',NULL,'3s','','','','200','1','0','','0','0','0','0','0','0','0');
INSERT INTO `items` (`itemid`,`type`,`snmp_oid`,`hostid`,`name`,`key_`,`delay`,`history`,`trends`,`status`,`value_type`,`trapper_hosts`,`units`,`formula`,`logtimefmt`,`templateid`,`valuemapid`,`params`,`ipmi_sensor`,`authtype`,`username`,`password`,`publickey`,`privatekey`,`flags`,`interfaceid`,`description`,`inventory_link`,`lifetime`,`evaltype`,`jmx_endpoint`,`master_itemid`,`timeout`,`url`,`query_fields`,`posts`,`status_codes`,`follow_redirects`,`post_type`,`headers`,`retrieve_mode`,`request_method`,`output_format`,`verify_peer`,`verify_host`,`allow_traps`,`discover`) values ('28952','18','','10170','Replication: Seconds Behind Master {#MASTERHOST}','mysql.seconds_behind_master["{#MASTERHOST}"]','0','7d','365d','0','3','','s','','',NULL,NULL,'','','0','','','','','2',NULL,'The number of seconds that the slave SQL thread is behind processing the master binary log. A high number (or an increasing one) can indicate that the slave is unable to handle events from the master in a timely fashion.','0','30d','0','','28951','3s','','','','200','1','0','','0','0','0','0','0','0','0');
INSERT INTO `items` (`itemid`,`type`,`snmp_oid`,`hostid`,`name`,`key_`,`delay`,`history`,`trends`,`status`,`value_type`,`trapper_hosts`,`units`,`formula`,`logtimefmt`,`templateid`,`valuemapid`,`params`,`ipmi_sensor`,`authtype`,`username`,`password`,`publickey`,`privatekey`,`flags`,`interfaceid`,`description`,`inventory_link`,`lifetime`,`evaltype`,`jmx_endpoint`,`master_itemid`,`timeout`,`url`,`query_fields`,`posts`,`status_codes`,`follow_redirects`,`post_type`,`headers`,`retrieve_mode`,`request_method`,`output_format`,`verify_peer`,`verify_host`,`allow_traps`,`discover`) values ('28953','18','','10170','Replication: Slave IO Running {#MASTERHOST}','mysql.slave_io_running["{#MASTERHOST}"]','0','7d','0','0','1','','','','',NULL,NULL,'','','0','','','','','2',NULL,'Whether the I/O thread for reading the master\'s binary log is running. Normally, you want this to be Yes unless you have not yet started replication or have explicitly stopped it with STOP SLAVE.','0','30d','0','','28951','3s','','','','200','1','0','','0','0','0','0','0','0','0');
INSERT INTO `items` (`itemid`,`type`,`snmp_oid`,`hostid`,`name`,`key_`,`delay`,`history`,`trends`,`status`,`value_type`,`trapper_hosts`,`units`,`formula`,`logtimefmt`,`templateid`,`valuemapid`,`params`,`ipmi_sensor`,`authtype`,`username`,`password`,`publickey`,`privatekey`,`flags`,`interfaceid`,`description`,`inventory_link`,`lifetime`,`evaltype`,`jmx_endpoint`,`master_itemid`,`timeout`,`url`,`query_fields`,`posts`,`status_codes`,`follow_redirects`,`post_type`,`headers`,`retrieve_mode`,`request_method`,`output_format`,`verify_peer`,`verify_host`,`allow_traps`,`discover`) values ('28954','18','','10170','Replication: Slave SQL Running {#MASTERHOST}','mysql.slave_sql_running["{#MASTERHOST}"]','0','7d','0','0','1','','','','',NULL,NULL,'','','0','','','','','2',NULL,'Whether the SQL thread for executing events in the relay log is running. As with the I/O thread, this should normally be Yes.','0','30d','0','','28951','3s','','','','200','1','0','','0','0','0','0','0','0','0');



INSERT INTO `triggers` (`triggerid`,`expression`,`description`,`url`,`status`,`priority`,`comments`,`templateid`,`type`,`flags`,`recovery_mode`,`recovery_expression`,`correlation_mode`,`correlation_tag`,`manual_close`,`opdata`,`discover`) 
  values ('15978','{18211}=1','MySQL: Failed to get items (no data for 30m)','','0','2','Zabbix has not received data for items for the last 30 minutes.',NULL,'0','0','0','','0','','0','','0');
INSERT INTO `triggers` (`triggerid`,`expression`,`description`,`url`,`status`,`priority`,`comments`,`templateid`,`type`,`flags`,`recovery_mode`,`recovery_expression`,`correlation_mode`,`correlation_tag`,`manual_close`,`opdata`,`discover`) 
  values ('15979','{18212}>0','MySQL: Refused connections (max_connections limit reached)','','0','3','Number of refused connections due to the max_connections limit being reached.',NULL,'0','0','0','','0','','0','','0');
INSERT INTO `triggers` (`triggerid`,`expression`,`description`,`url`,`status`,`priority`,`comments`,`templateid`,`type`,`flags`,`recovery_mode`,`recovery_expression`,`correlation_mode`,`correlation_tag`,`manual_close`,`opdata`,`discover`) 
  values ('15980','{18213}>{$MYSQL.ABORTED_CONN.MAX.WARN}','MySQL: Server has aborted connections (over {$MYSQL.ABORTED_CONN.MAX.WARN} for 5m)','','0','3','The number of failed attempts to connect to the MySQL server is more than {$MYSQL.ABORTED_CONN.MAX.WARN} in the last 5 minutes.',NULL,'0','0','0','','0','','0','','0');
INSERT INTO `triggers` (`triggerid`,`expression`,`description`,`url`,`status`,`priority`,`comments`,`templateid`,`type`,`flags`,`recovery_mode`,`recovery_expression`,`correlation_mode`,`correlation_tag`,`manual_close`,`opdata`,`discover`) 
  values ('15981','{18214}>{$MYSQL.SLOW_QUERIES.MAX.WARN}','MySQL: Server has slow queries (over {$MYSQL.SLOW_QUERIES.MAX.WARN} for 5m)','','0','2','The number of slow queries is more than {$MYSQL.SLOW_QUERIES.MAX.WARN} in the last 5 minutes.',NULL,'0','0','0','','0','','0','','0');
INSERT INTO `triggers` (`triggerid`,`expression`,`description`,`url`,`status`,`priority`,`comments`,`templateid`,`type`,`flags`,`recovery_mode`,`recovery_expression`,`correlation_mode`,`correlation_tag`,`manual_close`,`opdata`,`discover`) 
  values ('15982','{18215}<10m','MySQL: Service has been restarted (uptime < 10m)','','0','1','MySQL uptime is less than 10 minutes.',NULL,'0','0','0','','0','','0','','0');
INSERT INTO `triggers` (`triggerid`,`expression`,`description`,`url`,`status`,`priority`,`comments`,`templateid`,`type`,`flags`,`recovery_mode`,`recovery_expression`,`correlation_mode`,`correlation_tag`,`manual_close`,`opdata`,`discover`) 
  values ('15983','{18216}=0','MySQL: Service is down','','0','4','',NULL,'0','0','0','','0','','0','','0');
INSERT INTO `triggers` (`triggerid`,`expression`,`description`,`url`,`status`,`priority`,`comments`,`templateid`,`type`,`flags`,`recovery_mode`,`recovery_expression`,`correlation_mode`,`correlation_tag`,`manual_close`,`opdata`,`discover`) 
  values ('15984','{18217}=1 and  {18218}>0','MySQL: Version has changed (new version value received: {ITEM.VALUE})','','0','1','MySQL version has changed. Ack to close.',NULL,'0','0','0','','0','','1','','0');
INSERT INTO `triggers` (`triggerid`,`expression`,`description`,`url`,`status`,`priority`,`comments`,`templateid`,`type`,`flags`,`recovery_mode`,`recovery_expression`,`correlation_mode`,`correlation_tag`,`manual_close`,`opdata`,`discover`) 
  values ('15985','{18219}>{$MYSQL.REPL_LAG.MAX.WARN}','MySQL: Replication lag is too high (over {$MYSQL.REPL_LAG.MAX.WARN} for 5m)','','0','2','',NULL,'0','2','0','','0','','0','','0');
INSERT INTO `triggers` (`triggerid`,`expression`,`description`,`url`,`status`,`priority`,`comments`,`templateid`,`type`,`flags`,`recovery_mode`,`recovery_expression`,`correlation_mode`,`correlation_tag`,`manual_close`,`opdata`,`discover`) 
  values ('15986','{18220}=1','MySQL: The slave I/O thread is not connected to a replication master','','0','2','',NULL,'0','2','0','','0','','0','','0');
INSERT INTO `triggers` (`triggerid`,`expression`,`description`,`url`,`status`,`priority`,`comments`,`templateid`,`type`,`flags`,`recovery_mode`,`recovery_expression`,`correlation_mode`,`correlation_tag`,`manual_close`,`opdata`,`discover`) 
  values ('15987','{18221}=1','MySQL: The slave I/O thread is not running','','0','3','Whether the I/O thread for reading the master\'s binary log is running.',NULL,'0','2','0','','0','','0','','0');
INSERT INTO `triggers` (`triggerid`,`expression`,`description`,`url`,`status`,`priority`,`comments`,`templateid`,`type`,`flags`,`recovery_mode`,`recovery_expression`,`correlation_mode`,`correlation_tag`,`manual_close`,`opdata`,`discover`) 
  values ('15988','{18222}=1','MySQL: The SQL thread is not running','','0','2','Whether the SQL thread for executing events in the relay log is running.',NULL,'0','2','0','','0','','0','','0');

INSERT INTO `functions` (`functionid`,`itemid`,`triggerid`,`name`,`parameter`) values ('18211','28913','15978','nodata','30m');
INSERT INTO `functions` (`functionid`,`itemid`,`triggerid`,`name`,`parameter`) values ('18212','28941','15979','last','');
INSERT INTO `functions` (`functionid`,`itemid`,`triggerid`,`name`,`parameter`) values ('18213','28939','15980','min','5m');
INSERT INTO `functions` (`functionid`,`itemid`,`triggerid`,`name`,`parameter`) values ('18214','28922','15981','min','5m');
INSERT INTO `functions` (`functionid`,`itemid`,`triggerid`,`name`,`parameter`) values ('18215','28927','15982','last','');
INSERT INTO `functions` (`functionid`,`itemid`,`triggerid`,`name`,`parameter`) values ('18216','28910','15983','last','');
INSERT INTO `functions` (`functionid`,`itemid`,`triggerid`,`name`,`parameter`) values ('18217','28909','15984','diff','');
INSERT INTO `functions` (`functionid`,`itemid`,`triggerid`,`name`,`parameter`) values ('18218','28909','15984','strlen','');
INSERT INTO `functions` (`functionid`,`itemid`,`triggerid`,`name`,`parameter`) values ('18219','28952','15985','min','5m');
INSERT INTO `functions` (`functionid`,`itemid`,`triggerid`,`name`,`parameter`) values ('18220','28953','15986','count','#1,"Yes",ne');
INSERT INTO `functions` (`functionid`,`itemid`,`triggerid`,`name`,`parameter`) values ('18221','28953','15987','count','#1,"No",eq');
INSERT INTO `functions` (`functionid`,`itemid`,`triggerid`,`name`,`parameter`) values ('18222','28954','15988','count','#1,"No",eq');
*/

